StreetName,Count,Match
DR ABDURAMAN,1,False
SPRINGFELD,1,False
VAN DE LEUR,11,False
RUTGERS,1,False
HYDE,3,True
ROELAND,10,True
LEWIS,7,True
TENNANT,13,True
WORCESTER,5,True
NILE,8,True
CHATHAN,1,False
CHATHAM,18,True
CANTERBURY,17,True
DORP,4,False
VICTORIA,7,False
LION,1,False
ROGER,10,True
ECKHARDT,5,False
UPPER CANTEBURY,1,False
CAMBRIDGE,8,True
REGENT,1,False
CLIFTON,4,True
COMBRINCK,2,False
COLLEGE,9,True
MARIGOLD,1,False
LOOP,1,False
ARYE,3,False
HANOVER,29,True
MORLAND TERRACE,1,False
CLYDE,1,True
ROUWKOP,1,False
ST LEDGER,2,False
DRURY,1,True
BALMORAL,4,False
RICHMOND,13,True
COMMON,1,False
RIEBACK,2,False
VAN DER MEULEN,2,False
LONGMARKET,13,True
UPPER HARRINGTON,1,False
ST JOHN'S,1,False
VREDE,3,False
VOGELGESANT,2,False
HARDING,1,False
COVENTRY,1,False
KEPPEL,1,False
OSBORNE,2,True
FOURTH,1,False
FIRST,2,False
COWLEY,2,True
CORONATION,2,False
DR. ABDARAMAN,1,False
OFF ALBERT,1,False
SHEPPARD,6,True
GRAND VIEW,5,False
FRERE,2,True
ECKARDT,1,False
TYNE,1,True
CAMBORNE,1,False
JAMISSON,1,False
KITCHEN,1,False
SHEPHERD,1,False
COUST,1,False
WATERKANT,2,False
BEYES,1,False
MOUNT,16,True
VINE,3,False
LAVENDER,16,True
BLYTH,1,False
QUEEN'S,1,False
RAVEMERAIJ,1,False
VRIENDE,1,False
DEUCHWONK,1,False
PRIMROSE,9,True
CALLEGE,2,False
QUEEN,8,True
KLIPFONTEIN,1,False
DUKE,13,False
BEVERLEY,1,False
HORSBERG,1,False
GRAHAM,1,False
ESSET,1,False
GLYNN,4,True
ANDERSEN,1,False
COMBRINK,2,True
6TH,1,False
ECKHARD,2,False
HAMERKOPWY,1,False
STUART,1,False
ASPLING,1,False
LOEH,2,False
JONKET,1,False
STATION,1,False
SIR LOWRY,20,False
SMART,17,True
WATERLOO,1,True
GAY,1,False
INVERY,1,True
STUCKERIS,5,True
EATON,3,False
PETERSEN,1,False
MAYNARD,1,False
HUGO,1,False
HIERLING,1,False
LESS,1,False
NEWMARK,1,False
WICHT,8,True
TOBUIR ROAD,1,False
SPRINGFIELD TERRACE OFF PONTIAC,1,False
MAWSEU,1,False
HORSBURG,3,False
MAPINE,1,False
GOOFFREY,1,False
HIGH,5,True
MAWSEN,1,False
ROBINSON,3,True
DOVER,2,True
ROSE,2,False
NEWMARKET,5,False
BLYMOUTH,1,False
WILLIAMS,6,False
TEMATON ROAD,1,False
ST.PHILLIPS,1,False
CHESTER,8,True
MCKENZIE,10,True
MILLAN,2,True
RIEBECK,1,False
BRYANT,1,False
ADAM,6,True
AMSTERDAM,3,False
WEAVER,1,False
BUCHANAN,1,False
DE VILLERS,1,False
GORE,1,True
DARLING,1,True
HORSTLEY,14,True
SPRINGFIELD,19,True
UPPER CONSTITUTION,7,False
ARUNDEL,5,True
RUGTER,2,False
LOADE,1,False
CHAMBERLAIN,2,False
HOUT,1,False
BROWN,7,False
GRANDVIEW,1,False
SIRDOWRY,1,False
STERLING,1,False
ASPELING,19,True
JOHNSON,3,True
NAPIER,1,False
KITCHENER,2,False
RIEBEECK,1,False
MILTON,4,False
MILITOUS,1,False
PONTIAC,1,False
DUNCAN,1,False
UPPER CANTERBURY,2,False
PEDERSEN,8,True
PARKIN,13,True
GLOUCESTER,5,True
BRIDGE,4,True
DEKORTE,2,False
VERNON,6,True
PARDIN,1,False
CHYDE,1,False
QUEENS,3,False
BRONEWELL,1,False
BARRACK,2,True
UPPER NELSON,3,False
RUTGEN,1,False
FIFTH,1,False
KENDAL,1,False
NEW MARKET,2,False
JOPPLAN,1,False
BALIMORAL,2,True
PARKINS,1,False
ELKHARDT,1,False
ARINDEL,1,False
PROSPECT,7,True
PRINSON,1,False
CALEDON,39,True
PARLEIN,3,False
KLEIK,1,False
SIDNEY,7,True
BLOEM,1,False
DE RODES,1,False
CANTEBURY,2,False
FRANCIS,3,True
JAMISON,1,False
FILBURG,1,False
PARK,4,False
JAMIESON,1,False
ALBERT,12,True
HAMILTON,1,False
OXFORD,4,True
LEVER,3,True
LEE,13,True
SUFFOLK,1,False
DE VIELIER,1,False
WINDSOR,4,True
STUCKER'S,1,False
NULTON,1,False
SUFFALK,1,False
YARD,1,False
ROOS,10,True
IRENE,5,False
MCINTYRE,4,False
BALFOUR,1,True
WISHT,1,False
BLYTHE,2,True
BRUCE,5,True
SELBORNE,1,False
DEVILLIERS,3,False
STIRLING,21,True
SEVEN OAKS,1,False
GRAND VUE,2,False
BASKET,1,True
OSEFORD,1,False
SUMMER,2,True
ARENDEL,1,False
LOADER,3,False
NEMESIA,1,False
CHURCH,2,False
MARRIETTE,1,False
VREDENDAL,1,False
REFORM,5,True
LESER,1,False
DE KORTES,2,False
COVENTON,1,False
PETUNIA,1,False
ST LEGER,1,False
LOCK,3,False
LOCH,5,True
BEANFORT,1,False
SECOND,2,False
LAVENDER HILL,1,False
SHAUD,1,False
HARRINGTON,12,True
STOVE,1,False
LOWER MAIN,1,False
BRUNT,1,False
MCGREGOR,7,False
SACKVILLE,19,False
ST PHILIP'S,1,False
LOODS PLEIN,1,False
HORSBERGH,1,False
11TH AVENUE,2,False
PIET RETIEF,1,False
ROCHESTER,5,True
CANNIN,1,False
DE KORTE,4,False
TILBURY,3,True
PINE,1,False
OTTERY,1,False
HAROLDENE,1,False
KIEWIEBURY,1,False
MARSDEN,5,True
RUTGER,7,True
RICHARD,1,False
ARMSKIRK,1,False
OAK,4,True
VIRGINIA,7,True
DENNE,1,False
SELTARK,1,False
GREY,3,False
SYDNEY,1,False
PONTAC,5,True
BURWOOD,1,False
HOSBURGH,1,False
DE WAAL,2,False
ST THOMAS,1,False
GRANT,2,False
UPPER ASHELY,1,False
UPPER WARWICK,1,False
AYRE,9,True
CENTERBURY,2,False
VIRGINA,1,False
ST. VINCENT,1,False
MORENT,1,False
MILAN,3,False
4TH,1,False
AYNE,4,False
STONE,22,True
VANDELAUS,2,False
KIPLING,1,False
UPPER CHURCH,2,False
GRANDVIEWS,1,False
ECKARD,9,True
ASHLEY,2,True
PLYMOUTH,9,True
EXNER,1,False
KLIP,1,False
GODFREY,12,True
DEWAAL,1,False
NEW CHURCH,2,False
WINDSER,1,False
KLAPPERBOS,1,False
UPPER ASHLEY,18,False
DE VILLIER,3,False
DE VILLIES,1,False
BREE,1,False
SALISBURY,1,False
KENT,10,True
DE VILLIEN,2,False
LELIEBLOEW,1,False
ORMSKIRK,1,False
CROSS,3,True
PERTH,1,True
CHAPEL,21,True
GRAY,10,True
ST VINCENT,2,False
ELIZABETH,1,False
VOGELGEZANG,1,False
JOHNS,1,False
ALMAR,1,False
STRAND,1,False
EARTH,1,False
MARRIOTT,1,False
SURREY,1,False
MINK,1,False
DEVILLES,2,False
MUIR,1,True
KLOOF NEK,1,False
BLOEMHOF,2,True
SELKIRK,1,False
PRINCESS,5,True
TENANT,1,False
SOREY,1,False
DUFF,1,False
WILLIAM,68,True
RAVENSCRAIG,2,True
COFFEE,10,False
SORREY,1,False
MELBOURNE,1,False
SHEPPARTD,1,False
VAN DER LEUR,2,False
GYMPIE,4,False
DE VILLIERS,23,False
OLYMPIC,1,False
CONSTITUTION,69,True
WRIGHT,1,False
CANNON,10,True
YREDE,1,False
ST SISOM,1,False
8TH,2,False
RUSSELL,18,True
CLATHAM,2,False
SHULKERIS,1,False
BUITENKANT,1,True
ERITH,1,True
